Reg No.,CALCULUS AND SOLID GEOMETRY,PROGRAM DESIGN AND DEVELOPMENT,COMPUTER HARDWARE AND TROUBLESHOOTING LABORATORY,MATERIALS SCIENCE,BASIC MECHANICAL ENGINEERING,PRINCIPLES OF ENVIRONMENTAL SCIENCE,BASIC CIVIL ENGINEERING,PHYSICS,ADVANCED CALCULUS AND COMPLEX ANALYSIS,CHEMISTRY,BASIC ELECTRICAL ENGINEERING,PROGRAMMING LABORATORY,TRANSFORMS AND BOUNDARY VALUE PROBLEMS,ELECTRON DEVICES AND CIRCUITS,DIGITAL SYSTEM DESIGN,OBJECT ORIENTED ANALYSIS AND DESIGN,DATA STRUCTURES,OBJECT ORIENTED PROGRAMMING USING C++,PROBABILITY AND QUEUING THEORY,ELECTRICAL ENGINEERING AND CONTROL SYSTEMS,COMPUTER SYSTEM ARCHITECTURE,MICROPROCESSORS AND MICROCONTROLLERS,ALGORITHM DESIGN AND ANALYSIS,PROGRAMMING IN JAVA
RA1611003010001,98,95,99,88,85,90,87,84,97,88,82,99,95,88,91,82,93,99,98,83,90,95,96,99
RA1611003010002,90,86,96,98,95,97,96,85,90,93,89,95,87,92,90,91,87,83,82,90,94,92,89,91
RA1611003010003,88,89,90,87,91,89,84,85,88,83,87,93,86,84,82,85,87,90,88,91,90,83,87,86
RA1611003010004,99,92,100,90,93,96,92,98,97,96,91,96,98,90,91,93,96,99,98,92,97,90,93,95
RA1611003010005,90,92,98,92,84,88,86,89,90,86,85,90,85,85,94,81,90,95,88,84,87,88,89,92
RA1611003010006,82,87,91,81,86,87,85,82,80,81,85,92,83,78,88,86,82,88,81,86,83,80,82,85
RA1611003010007,99,96,100,96,93,91,93,95,100,97,87,97,99,91,90,92,93,97,98,89,99,92,95,100
RA1611003010008,88,99,100,92,93,89,87,92,90,88,91,100,90,88,95,91,98,99,92,85,94,92,96,95
RA1611003010009,85,89,95,85,86,82,83,89,90,88,84,90,86,73,83,81,79,83,75,73,88,81,77,87
RA1611003010010,87,87,93,89,85,90,88,85,85,90,88,90,89,88,90,89,91,93,91,88,87,91,98,97
RA1611003010011,88,98,95,78,85,88,81,85,90,82,87,92,91,81,92,93,95,92,91,83,86,89,91,96
RA1611003010012,93,90,91,82,89,86,86,81,93,85,89,98,93,89,87,88,93,96,90,89,88,98,98,99
RA1611003010013,85,83,92,97,92,94,90,90,83,88,92,82,89,92,91,88,83,87,88,93,96,95,88,91
RA1611003010014,92,92,93,87,85,83,88,90,90,80,91,93,91,89,90,88,92,93,90,87,86,90,91,99
RA1611003010015,95,97,96,93,94,92,93,94,97,92,95,96,94,95,98,98,97,99,97,96,95,93,96,94
RA1611003010016,88,84,93,89,86,85,90,89,84,83,90,99,85,89,95,92,97,95,90,86,85,97,97,99
RA1611003010017,87,92,91,87,89,87,85,88,89,88,87,91,91,89,87,88,92,98,96,96,97,88,91,95
RA1611003010018,91,87,97,96,94,98,93,86,84,85,89,94,87,78,83,86,88,91,89,92,91,91,88,85
RA1611003010019,95,93,92,91,89,90,89,89,98,91,93,99,95,93,91,96,100,98,95,90,91,92,97,98
RA1611003010020,82,86,93,81,83,86,87,82,78,80,76,85,85,86,90,88,77,86,88,83,85,76,81,90
RA1611003010021,84,100,100,93,96,91,95,89,98,92,86,100,97,90,94,88,96,99,95,90,96,95,92,94
RA1611003010022,76,98,100,86,81,83,86,91,88,98,72,100,98,81,93,82,94,98,90,82,96,95,93,100
RA1611003010023,,,,,,,,,,,,,,,95,81,88,96,92,84,90,93,92,95
RA1611003010024,,,,,,,,,,,,,,,,,,,,,,,,
RA1611003010025,,,,,,,,,,,,,,,,,,,,,,,,
RA1611003010026,,,,,,,,,,,,,,,,,,,,,,,,
RA1611003010027,,,,,,,,,,,,,,,,,,,,,,,,
RA1611003010028,,,,,,,,,,,,,,,,,,,,,,,,
RA1611003010029,,,,,,,,,,,,,,,,,,,,,,,,
RA1611003010030,,,,,,,,,,,,,,,,,,,,,,,,
RA1611003010031,,,,,,,,,,,,,,,,,,,,,,,,
RA1611003010032,,,,,,,,,,,,,,,,,,,,,,,,
RA1611003010033,,,,,,,,,,,,,,,,,,,,,,,,
RA1611003010034,,,,,,,,,,,,,,,,,,,,,,,,
RA1611003010035,,,,,,,,,,,,,,,,,,,,,,,,
RA1611003010036,,,,,,,,,,,,,,,,,,,,,,,,
RA1611003010037,,,,,,,,,,,,,,,,,,,,,,,,
RA1611003010038,,,,,,,,,,,,,,,,,,,,,,,,
RA1611003010039,,,,,,,,,,,,,,,,,,,,,,,,
RA1611003010040,,,,,,,,,,,,,,,,,,,,,,,,
RA1611003010041,,,,,,,,,,,,,,,,,,,,,,,,
RA1611003010042,,,,,,,,,,,,,,,,,,,,,,,,
RA1611003010043,,,,,,,,,,,,,,,,,,,,,,,,
RA1611003010044,,,,,,,,,,,,,,,,,,,,,,,,
RA1611003010045,,,,,,,,,,,,,,,,,,,,,,,,
RA1611003010046,,,,,,,,,,,,,,,,,,,,,,,,
RA1611003010047,,,,,,,,,,,,,,,,,,,,,,,,
RA1611003010048,,,,,,,,,,,,,,,,,,,,,,,,
RA1611003010049,,,,,,,,,,,,,,,,,,,,,,,,
RA1611003010050,,,,,,,,,,,,,,,,,,,,,,,,
RA1611003010051,,,,,,,,,,,,,,,,,,,,,,,,
RA1611003010052,,,,,,,,,,,,,,,,,,,,,,,,
RA1611003010053,,,,,,,,,,,,,,,,,,,,,,,,
RA1611003010054,,,,,,,,,,,,,,,,,,,,,,,,
RA1611003010055,,,,,,,,,,,,,,,,,,,,,,,,
RA1611003010056,,,,,,,,,,,,,,,,,,,,,,,,
RA1611003010057,,,,,,,,,,,,,,,,,,,,,,,,
RA1611003010058,,,,,,,,,,,,,,,,,,,,,,,,
RA1611003010059,,,,,,,,,,,,,,,,,,,,,,,,
RA1611003010060,,,,,,,,,,,,,,,,,,,,,,,,
RA1611003010061,,,,,,,,,,,,,,,,,,,,,,,,
RA1611003010062,,,,,,,,,,,,,,,,,,,,,,,,
RA1611003010063,,,,,,,,,,,,,,,,,,,,,,,,
RA1611003010064,,,,,,,,,,,,,,,,,,,,,,,,
RA1611003010065,,,,,,,,,,,,,,,,,,,,,,,,
RA1611003010066,,,,,,,,,,,,,,,,,,,,,,,,
RA1611003010067,,,,,,,,,,,,,,,,,,,,,,,,
RA1611003010068,,,,,,,,,,,,,,,,,,,,,,,,
RA1611003010069,,,,,,,,,,,,,,,,,,,,,,,,
RA1611003010070,,,,,,,,,,,,,,,,,,,,,,,,
RA1611003010071,,,,,,,,,,,,,,,,,,,,,,,,
RA1611003010072,,,,,,,,,,,,,,,,,,,,,,,,
RA1611003010073,,,,,,,,,,,,,,,,,,,,,,,,
RA1611003010074,,,,,,,,,,,,,,,,,,,,,,,,
RA1611003010075,,,,,,,,,,,,,,,,,,,,,,,,
RA1611003010076,,,,,,,,,,,,,,,,,,,,,,,,
RA1611003010077,,,,,,,,,,,,,,,,,,,,,,,,
RA1611003010078,,,,,,,,,,,,,,,,,,,,,,,,
RA1611003010079,,,,,,,,,,,,,,,,,,,,,,,,
RA1611003010080,,,,,,,,,,,,,,,,,,,,,,,,
RA1611003010081,,,,,,,,,,,,,,,,,,,,,,,,
RA1611003010082,,,,,,,,,,,,,,,,,,,,,,,,
RA1611003010083,,,,,,,,,,,,,,,,,,,,,,,,
RA1611003010084,,,,,,,,,,,,,,,,,,,,,,,,
RA1611003010085,,,,,,,,,,,,,,,,,,,,,,,,
RA1611003010086,,,,,,,,,,,,,,,,,,,,,,,,
RA1611003010087,,,,,,,,,,,,,,,,,,,,,,,,
RA1611003010088,,,,,,,,,,,,,,,,,,,,,,,,
RA1611003010089,,,,,,,,,,,,,,,,,,,,,,,,
RA1611003010090,,,,,,,,,,,,,,,,,,,,,,,,
RA1611003010091,,,,,,,,,,,,,,,,,,,,,,,,
RA1611003010092,,,,,,,,,,,,,,,,,,,,,,,,
RA1611003010093,,,,,,,,,,,,,,,,,,,,,,,,
RA1611003010094,,,,,,,,,,,,,,,,,,,,,,,,
RA1611003010095,,,,,,,,,,,,,,,,,,,,,,,,
RA1611003010096,,,,,,,,,,,,,,,,,,,,,,,,
RA1611003010097,,,,,,,,,,,,,,,,,,,,,,,,
RA1611003010098,,,,,,,,,,,,,,,,,,,,,,,,
RA1611003010099,,,,,,,,,,,,,,,,,,,,,,,,
RA1611003010100,,,,,,,,,,,,,,,,,,,,,,,,